,price,log-price,area,total-rooms,area-per-bedroom,luxury-score,bedrooms,bathrooms,stories,mainroad,guestroom,basement,hotwaterheating,airconditioning,parking,prefarea,furnishingstatus_semi-furnished,furnishingstatus_unfurnished
0,13300000,16.40327466837995,7420,6,1855.0,2,4,2,3,1,0,0,0,1,2,1,0,0
1,12250000,16.32103657658766,8960,8,2240.0,1,4,4,4,1,0,0,0,1,3,0,0,0
2,12250000,16.32103657658766,9960,5,3320.0,1,3,2,2,1,0,1,0,0,2,1,1,0
3,12215000,16.31817534454053,7500,6,1875.0,2,4,2,2,1,0,1,0,1,3,1,0,0
4,11410000,16.250000809480674,7420,5,1855.0,1,4,1,2,1,1,1,0,1,2,0,0,0
5,10850000,16.19967573011664,7500,6,2500.0,2,3,3,1,1,0,1,0,1,2,1,1,0
6,10150000,16.132984361974234,8580,7,2145.0,2,4,3,4,1,0,0,0,1,2,1,1,0
8,9870000,16.105010512726782,8100,5,2025.0,2,4,1,2,1,1,1,0,1,2,1,0,0
9,9800000,16.097893045681612,5750,5,1916.6666666666667,2,3,2,4,1,1,0,0,1,1,1,0,1
11,9681000,16.085675862997316,6000,7,1500.0,0,4,3,2,1,1,1,1,0,2,0,1,0
12,9310000,16.04659975666463,6550,6,1637.5,2,4,2,2,1,0,0,0,1,1,1,1,0
13,9240000,16.039052551842968,3500,6,875.0,0,4,2,2,1,0,0,1,0,2,0,0,0
14,9240000,16.039052551842968,7800,5,2600.0,1,3,2,2,1,0,0,0,0,0,1,1,0
15,9100000,16.02378508137718,6000,5,1500.0,0,4,1,2,1,0,1,0,0,2,0,1,0
16,9100000,16.02378508137718,6600,6,1650.0,2,4,2,2,1,1,1,0,1,1,1,0,1
17,8960000,16.00828089655825,8500,5,2833.3333333333335,1,3,2,4,1,0,0,0,1,2,0,0,0
18,8890000,16.00043771997602,4600,5,1533.3333333333333,1,3,2,2,1,1,0,0,1,2,0,0,0
19,8855000,15.996492942129612,6420,5,2140.0,2,3,2,2,1,0,0,0,1,1,1,1,0
20,8750000,15.984564372619506,4320,4,1440.0,0,3,1,2,1,0,1,1,0,2,0,1,0
21,8680000,15.976532201843899,7155,5,2385.0,1,3,2,1,1,1,1,0,1,2,0,0,1
22,8645000,15.97249179277332,8050,4,2683.3333333333335,1,3,1,1,1,1,1,0,1,1,0,0,0
23,8645000,15.97249179277332,4560,5,1520.0,1,3,2,2,1,1,1,0,1,1,0,0,0
24,8575000,15.964361667634346,8800,5,2933.3333333333335,1,3,2,2,1,0,0,0,1,2,0,0,0
25,8540000,15.960271682860764,6540,6,1635.0,2,4,2,2,1,1,1,0,1,2,1,0,0
26,8463000,15.951214396813645,6000,5,2000.0,2,3,2,4,1,1,1,0,1,0,1,1,0
27,8400000,15.943742382861155,8875,4,2958.3333333333335,0,3,1,1,1,0,0,0,0,1,0,1,0
28,8400000,15.943742382861155,7950,7,1590.0,0,5,2,2,1,0,1,1,0,2,0,0,1
29,8400000,15.943742382861155,5500,6,1375.0,2,4,2,2,1,0,1,0,1,1,1,1,0
30,8400000,15.943742382861155,7475,5,2491.6666666666665,1,3,2,4,1,0,0,0,1,2,0,0,1
31,8400000,15.943742382861155,7000,4,2333.3333333333335,1,3,1,4,1,0,0,0,1,2,0,1,0
32,8295000,15.931163602161226,4880,6,1220.0,2,4,2,2,1,0,0,0,1,1,1,0,0
33,8190000,15.918424577929366,5960,6,1986.6666666666667,0,3,3,2,1,1,1,0,0,1,0,0,1
34,8120000,15.909840835290563,6840,6,1368.0,1,5,1,2,1,1,1,0,1,1,0,0,0
35,8080940,15.905018884112332,7000,5,2333.3333333333335,1,3,2,4,1,0,0,0,1,2,0,0,0
36,8043000,15.900312830217915,7482,5,2494.0,1,3,2,3,1,0,0,1,0,1,1,0,0
37,7980000,15.892449094739266,9000,6,2250.0,1,4,2,4,1,0,0,0,1,2,0,0,0
38,7962500,15.890253704451245,6000,4,2000.0,1,3,1,4,1,1,0,0,1,2,0,0,1
39,7910000,15.88363846616608,6000,6,1500.0,1,4,2,4,1,0,0,0,1,1,0,1,0
40,7875000,15.87920386966009,6550,4,2183.3333333333335,2,3,1,2,1,0,1,0,1,0,1,0,0
41,7840000,15.874749519877604,6360,5,2120.0,2,3,2,4,1,0,0,0,1,0,1,0,0
42,7700000,15.856731016694035,6480,5,2160.0,1,3,2,4,1,0,0,0,1,2,0,0,1
43,7700000,15.856731016694035,6000,6,1500.0,0,4,2,4,1,0,0,0,0,2,0,1,0
44,7560000,15.83838188043084,6000,6,1500.0,1,4,2,4,1,0,0,0,1,1,0,0,0
45,7560000,15.83838188043084,6000,5,2000.0,1,3,2,3,1,0,0,0,1,0,0,1,0
46,7525000,15.83374150148957,6000,5,2000.0,1,3,2,4,1,0,0,0,1,1,0,0,0
47,7490000,15.829079489004743,6600,4,2200.0,2,3,1,4,1,0,0,0,1,3,1,0,0
48,7455000,15.824395640319128,4300,5,1433.3333333333333,0,3,2,2,1,0,1,0,0,1,0,0,1
49,7420000,15.819689749914444,7440,5,2480.0,2,3,2,1,1,1,1,0,1,0,1,1,0
50,7420000,15.819689749914444,7440,5,2480.0,1,3,2,4,1,0,0,0,0,1,1,0,1
51,7420000,15.819689749914444,6325,4,2108.3333333333335,1,3,1,4,1,0,0,0,1,1,0,0,1
52,7350000,15.810211007243431,6000,6,1500.0,1,4,2,4,1,1,0,0,1,1,0,0,0
53,7350000,15.810211007243431,5150,5,1716.6666666666667,1,3,2,4,1,0,0,0,1,2,0,1,0
54,7350000,15.810211007243431,6000,5,2000.0,1,3,2,2,1,1,0,0,1,1,0,1,0
55,7350000,15.810211007243431,6000,4,2000.0,1,3,1,2,1,0,0,0,1,1,0,0,1
57,7245000,15.795822271763136,9000,6,2250.0,2,4,2,4,1,1,0,0,1,1,1,0,0
58,7210000,15.790979647957377,7680,6,1920.0,1,4,2,4,1,1,0,0,1,1,0,1,0
59,7210000,15.790979647957377,6000,5,2000.0,1,3,2,4,1,1,0,0,1,1,0,0,0
60,7140000,15.78122347437178,6000,5,2000.0,0,3,2,2,1,1,0,0,0,1,0,1,0
61,7070000,15.77137117931546,8880,3,4440.0,1,2,1,1,1,0,0,0,1,1,0,1,0
62,7070000,15.77137117931546,6240,6,1560.0,1,4,2,2,1,0,0,0,1,1,0,0,0
63,7035000,15.766408390677027,6360,6,1590.0,2,4,2,3,1,0,0,0,1,2,1,0,0
65,6930000,15.75137051546622,8880,5,2960.0,1,3,2,2,1,0,1,0,1,1,0,0,0
67,6895000,15.746307214242162,7700,5,2566.6666666666665,0,3,2,1,1,0,0,0,0,2,0,0,1
68,6860000,15.741218145474653,6000,4,2000.0,1,3,1,1,1,0,0,0,1,1,0,0,0
70,6790000,15.730961646810274,4000,5,1333.3333333333333,2,3,2,2,1,0,1,0,1,0,1,1,0
71,6755000,15.725793677414915,6000,6,1500.0,1,4,2,4,1,0,0,0,1,0,0,0,1
72,6720000,15.720598861308845,5020,4,1673.3333333333333,2,3,1,4,1,0,0,0,1,0,1,0,1
73,6685000,15.7153769181068,6600,4,3300.0,1,2,2,4,1,0,1,0,0,0,1,0,0
74,6650000,15.710127563007966,4040,4,1346.6666666666667,0,3,1,2,1,0,1,1,0,1,0,0,0
75,6650000,15.710127563007966,4260,6,1065.0,0,4,2,2,1,0,0,1,0,0,0,1,0
76,6650000,15.710127563007966,6420,5,2140.0,2,3,2,3,1,0,0,0,1,0,1,0,0
77,6650000,15.710127563007966,6500,5,2166.6666666666665,2,3,2,3,1,0,0,0,1,0,1,0,0
78,6650000,15.710127563007966,5700,4,1900.0,2,3,1,1,1,1,1,0,1,2,1,0,0
79,6650000,15.710127563007966,6000,5,2000.0,1,3,2,3,1,1,0,0,1,0,0,0,0
80,6629000,15.706964672075832,6000,4,2000.0,1,3,1,2,1,0,0,1,0,1,1,1,0
81,6615000,15.704850506702762,4000,5,1333.3333333333333,1,3,2,2,1,0,1,0,1,1,0,1,0
82,6615000,15.704850506702762,10500,5,3500.0,2,3,2,1,1,0,1,0,1,1,1,0,0
83,6580000,15.699545455277173,6000,5,2000.0,1,3,2,4,1,0,0,0,1,0,0,1,0
84,6510000,15.688850167794572,3760,4,1253.3333333333333,0,3,1,2,1,0,0,1,0,2,0,1,0
85,6510000,15.688850167794572,8250,5,2750.0,1,3,2,3,1,0,0,0,1,0,0,0,0
86,6510000,15.688850167794572,6670,4,2223.3333333333335,1,3,1,3,1,0,1,0,0,0,1,0,1
87,6475000,15.683459319990018,3960,4,1320.0,0,3,1,1,1,0,1,0,0,2,0,1,0
88,6475000,15.683459319990018,7410,4,2470.0,2,3,1,1,1,1,1,0,1,2,1,0,1
89,6440000,15.678039253360028,8580,8,1716.0,0,5,3,2,1,0,0,0,0,2,0,0,0
90,6440000,15.678039253360028,5000,4,1666.6666666666667,1,3,1,2,1,0,0,0,1,0,0,1,0
91,6419000,15.674773056081408,6750,3,3375.0,1,2,1,1,1,1,1,0,0,2,1,0,0
92,6405000,15.672589649440985,4800,5,1600.0,1,3,2,4,1,1,0,0,1,0,0,0,0
93,6300000,15.656060350091908,7200,5,2400.0,1,3,2,1,1,0,1,0,1,3,0,1,0
94,6300000,15.656060350091908,6000,6,1500.0,0,4,2,4,1,0,0,0,0,1,0,1,0
95,6300000,15.656060350091908,4100,5,1366.6666666666667,1,3,2,3,1,0,0,0,1,2,0,1,0
96,6300000,15.656060350091908,9000,4,3000.0,1,3,1,1,1,0,1,0,0,1,1,0,0
97,6300000,15.656060350091908,6400,4,2133.3333333333335,2,3,1,1,1,1,1,0,1,1,1,1,0
98,6293000,15.65494862141578,6600,5,2200.0,2,3,2,3,1,0,0,0,1,0,1,0,1
99,6265000,15.650489305929213,6000,5,1500.0,1,4,1,3,1,1,1,0,0,0,1,0,1
100,6230000,15.644887051277268,6600,5,2200.0,2,3,2,1,1,0,1,0,1,0,1,0,1
101,6230000,15.644887051277268,5500,4,1833.3333333333333,1,3,1,3,1,0,0,0,0,1,1,0,1
102,6195000,15.639253234465867,5500,5,1833.3333333333333,1,3,2,4,1,1,0,0,1,1,0,1,0
103,6195000,15.639253234465867,6350,5,2116.6666666666665,1,3,2,3,1,1,0,0,1,0,0,0,0
104,6195000,15.639253234465867,5500,5,1833.3333333333333,1,3,2,1,1,1,1,0,0,2,1,0,0
105,6160000,15.633587497847351,4500,4,1500.0,1,3,1,4,1,0,0,0,1,0,0,0,1
106,6160000,15.633587497847351,5450,6,1362.5,2,4,2,1,1,0,1,0,1,0,1,1,0
107,6125000,15.627889477660357,6420,4,2140.0,1,3,1,3,1,0,1,0,0,0,1,0,1
108,6107500,15.625028245847135,3240,5,810.0,0,4,1,3,1,0,0,0,0,1,0,1,0
109,6090000,15.622158803889679,6615,6,1653.75,0,4,2,2,1,1,0,1,0,1,0,1,0
110,6090000,15.622158803889679,6600,4,2200.0,1,3,1,1,1,1,1,0,0,2,1,1,0
111,6090000,15.622158803889679,8372,4,2790.6666666666665,1,3,1,3,1,0,0,0,1,2,0,0,1
112,6083000,15.621008717695398,4300,8,716.6666666666666,0,6,2,2,1,0,0,0,0,0,0,0,0
113,6083000,15.621008717695398,9620,4,3206.6666666666665,1,3,1,1,1,0,1,0,0,2,1,0,0
114,6020000,15.610597983397946,6800,3,3400.0,0,2,1,1,1,1,1,0,0,2,0,0,0
115,6020000,15.610597983397946,8000,4,2666.6666666666665,2,3,1,1,1,1,1,0,1,2,1,1,0
116,6020000,15.610597983397946,6900,5,2300.0,1,3,2,1,1,1,1,0,0,0,1,0,1
117,5950000,15.598901945589025,3700,5,925.0,1,4,1,2,1,1,0,0,1,0,0,0,0
118,5950000,15.598901945589025,6420,4,2140.0,2,3,1,1,1,0,1,0,1,0,1,0,0
119,5950000,15.598901945589025,7020,4,2340.0,2,3,1,1,1,0,1,0,1,2,1,1,0
120,5950000,15.598901945589025,6540,4,2180.0,1,3,1,1,1,1,1,0,0,2,1,0,0
121,5950000,15.598901945589025,7231,4,2410.3333333333335,2,3,1,2,1,1,1,0,1,0,1,1,0
122,5950000,15.598901945589025,6254,6,1563.5,1,4,2,1,1,0,1,0,0,1,1,1,0
123,5950000,15.598901945589025,7320,6,1830.0,0,4,2,2,1,0,0,0,0,0,0,0,0
124,5950000,15.598901945589025,6525,5,2175.0,0,3,2,4,1,0,0,0,0,1,0,0,0
126,5880000,15.587067489942822,7160,4,2386.6666666666665,1,3,1,1,1,0,1,0,0,2,1,0,1
127,5880000,15.587067489942822,6500,5,2166.6666666666665,1,3,2,3,1,0,0,0,1,0,0,0,1
128,5873000,15.585876304775372,5500,4,1833.3333333333333,1,3,1,3,1,1,0,0,1,1,0,0,0
130,5866000,15.584683698993436,4800,4,1600.0,0,3,1,1,1,1,1,0,0,0,0,0,1
131,5810000,15.575091300945118,5828,5,1457.0,0,4,1,4,1,1,0,0,0,0,0,1,0
132,5810000,15.575091300945118,5200,4,1733.3333333333333,1,3,1,3,1,0,0,0,1,0,0,1,0
133,5810000,15.575091300945118,4800,4,1600.0,1,3,1,3,1,0,0,0,1,0,0,0,1
134,5803000,15.57388575549739,7000,4,2333.3333333333335,1,3,1,1,1,0,1,0,0,2,1,1,0
135,5775000,15.56904898753229,6000,5,2000.0,1,3,2,4,1,0,0,0,1,0,0,0,1
136,5740000,15.562969942511762,5400,6,1350.0,1,4,2,2,1,0,0,0,1,2,0,0,1
137,5740000,15.562969942511762,4640,5,1160.0,0,4,1,2,1,0,0,0,0,1,0,1,0
138,5740000,15.562969942511762,5000,4,1666.6666666666667,1,3,1,3,1,0,0,0,1,0,0,1,0
139,5740000,15.562969942511762,6360,4,2120.0,2,3,1,1,1,1,1,0,1,2,1,0,0
140,5740000,15.562969942511762,5800,5,1933.3333333333333,1,3,2,4,1,0,0,0,1,0,0,0,1
141,5652500,15.547608660047116,6660,6,1665.0,1,4,2,2,1,1,1,0,0,1,1,1,0
142,5600000,15.53827733427679,10500,6,2625.0,0,4,2,2,1,0,0,0,0,1,0,1,0
143,5600000,15.53827733427679,4800,7,960.0,0,5,2,3,0,0,1,1,0,0,0,0,1
144,5600000,15.53827733427679,4700,5,1175.0,1,4,1,2,1,1,1,0,1,1,0,0,0
145,5600000,15.53827733427679,5000,4,1666.6666666666667,0,3,1,4,1,0,0,0,0,0,0,0,0
146,5600000,15.53827733427679,10500,3,5250.0,0,2,1,1,1,0,0,0,0,1,0,1,0
147,5600000,15.53827733427679,5500,5,1833.3333333333333,0,3,2,2,1,0,0,0,0,1,0,1,0
148,5600000,15.53827733427679,6360,4,2120.0,1,3,1,3,1,0,0,0,0,0,1,1,0
149,5600000,15.53827733427679,6600,6,1650.0,1,4,2,1,1,0,1,0,0,0,1,1,0
150,5600000,15.53827733427679,5136,4,1712.0,2,3,1,2,1,1,1,0,1,0,1,0,1
151,5565000,15.532007722386286,4400,5,1100.0,2,4,1,2,1,0,0,0,1,2,1,1,0
152,5565000,15.532007722386286,5400,6,1080.0,2,5,1,2,1,1,1,0,1,0,1,0,0
153,5530000,15.525698554330328,3300,6,1100.0,0,3,3,2,1,0,1,0,0,0,0,1,0
154,5530000,15.525698554330328,3650,5,1216.6666666666667,0,3,2,2,1,0,0,0,0,2,0,1,0
155,5530000,15.525698554330328,6100,5,2033.3333333333333,1,3,2,1,1,0,1,0,0,2,1,0,0
156,5523000,15.524431929944326,6900,4,2300.0,1,3,1,1,1,1,1,0,0,0,1,1,0
157,5495000,15.519349327803464,2817,6,704.25,0,4,2,2,0,1,1,0,0,1,0,0,0
158,5495000,15.519349327803464,7980,4,2660.0,0,3,1,1,1,0,0,0,0,2,0,1,0
159,5460000,15.512959530871255,3150,5,1050.0,1,3,2,1,1,1,1,0,1,0,0,0,0
160,5460000,15.512959530871255,6210,5,1552.5,1,4,1,4,1,1,0,0,1,0,0,0,0
161,5460000,15.512959530871255,6100,4,2033.3333333333333,2,3,1,3,1,1,0,0,1,0,1,1,0
162,5460000,15.512959530871255,6600,6,1650.0,1,4,2,2,1,1,1,0,0,0,1,1,0
163,5425000,15.506528641722577,6825,4,2275.0,2,3,1,1,1,1,1,0,1,0,1,1,0
164,5390000,15.50005612841392,6710,5,2236.6666666666665,1,3,2,2,1,1,1,0,0,1,1,0,0
165,5383000,15.498756583313094,6450,5,2150.0,0,3,2,1,1,1,1,1,0,0,0,0,1
166,5320000,15.486984049287734,7800,4,2600.0,2,3,1,1,1,0,1,0,1,2,1,0,1
167,5285000,15.480383366501217,4600,4,2300.0,1,2,2,1,1,0,0,0,1,2,0,1,0
168,5250000,15.473738825043979,4260,5,1065.0,1,4,1,2,1,0,1,0,1,0,0,0,0
169,5250000,15.473738825043979,6540,6,1635.0,1,4,2,2,0,0,0,0,1,0,0,1,0
170,5250000,15.473738825043979,5500,5,1833.3333333333333,0,3,2,1,1,0,1,0,0,0,0,1,0
171,5250000,15.473738825043979,10269,4,3423.0,1,3,1,1,1,0,0,0,0,1,1,1,0
172,5250000,15.473738825043979,8400,4,2800.0,2,3,1,2,1,1,1,0,1,2,1,0,1
173,5250000,15.473738825043979,5300,6,1325.0,2,4,2,1,1,0,0,0,1,0,1,0,1
174,5250000,15.473738825043979,3800,4,1266.6666666666667,1,3,1,2,1,1,1,0,0,1,1,0,1
175,5250000,15.473738825043979,9800,6,2450.0,0,4,2,2,1,1,0,0,0,2,0,1,0
176,5250000,15.473738825043979,8520,4,2840.0,1,3,1,1,1,0,0,0,1,2,0,0,0
177,5243000,15.472404602285149,6050,4,2016.6666666666667,1,3,1,1,1,0,1,0,0,0,1,1,0
178,5229000,15.469730804411405,7085,4,2361.6666666666665,1,3,1,1,1,1,1,0,0,2,1,1,0
179,5215000,15.467049838171546,3180,5,1060.0,0,3,2,2,1,0,0,0,0,2,0,1,0
180,5215000,15.467049838171546,4500,6,1125.0,1,4,2,1,0,0,1,0,1,2,0,1,0
181,5215000,15.467049838171546,7200,4,2400.0,1,3,1,2,1,1,1,0,0,1,1,0,0
182,5145000,15.453536121613729,3410,4,1136.6666666666667,1,3,1,2,0,0,0,0,1,0,0,1,0
183,5145000,15.453536121613729,7980,4,2660.0,1,3,1,1,1,0,0,0,0,1,1,1,0
184,5110000,15.446710157874584,3000,5,1000.0,0,3,2,2,1,1,1,0,0,0,0,0,0
185,5110000,15.446710157874584,3000,4,1000.0,0,3,1,2,1,0,1,0,0,0,0,0,1
187,5110000,15.446710157874584,6100,4,2033.3333333333333,2,3,1,1,1,0,1,0,1,0,1,1,0
188,5075000,15.439837279936441,5720,3,2860.0,2,2,1,2,1,0,0,0,1,0,1,0,1
189,5040000,15.43291683846023,3540,3,1770.0,0,2,1,1,0,1,1,0,0,0,0,1,0
190,5040000,15.43291683846023,7600,5,1900.0,1,4,1,2,1,0,0,0,1,2,0,0,0
192,5040000,15.43291683846023,6600,4,2200.0,1,3,1,1,1,1,1,0,0,0,1,0,0
193,5033000,15.431526984447132,4800,3,2400.0,0,2,1,1,1,1,1,0,0,0,0,1,0
194,5005000,15.425948170531639,8150,5,2716.6666666666665,0,3,2,1,1,1,1,0,0,0,0,1,0
195,4970000,15.418930599280035,4410,7,1102.5,0,4,3,2,1,0,1,0,0,2,0,1,0
196,4970000,15.418930599280035,7686,4,2562.0,0,3,1,1,1,1,1,1,0,0,0,1,0
197,4956000,15.416109723506775,2800,5,933.3333333333334,1,3,2,2,0,0,1,0,1,1,0,1,0
198,4935000,15.411863433483944,5948,4,1982.6666666666667,1,3,1,2,1,0,0,0,1,0,0,1,0
199,4907000,15.406173518862524,4200,4,1400.0,0,3,1,2,1,0,0,0,0,1,0,0,0
200,4900000,15.404745967162468,4520,4,1506.6666666666667,1,3,1,2,1,0,1,0,1,0,0,1,0
201,4900000,15.404745967162468,4095,4,1365.0,1,3,1,2,0,1,1,0,1,0,0,1,0
202,4900000,15.404745967162468,4120,3,2060.0,0,2,1,1,1,0,1,0,0,1,0,1,0
203,4900000,15.404745967162468,5400,5,1350.0,0,4,1,2,1,0,0,0,0,0,0,1,0
204,4900000,15.404745967162468,4770,4,1590.0,0,3,1,1,1,1,1,0,0,0,0,1,0
205,4900000,15.404745967162468,6300,4,2100.0,1,3,1,1,1,0,0,0,1,2,0,1,0
206,4900000,15.404745967162468,5800,3,2900.0,1,2,1,1,1,1,1,0,1,0,0,1,0
207,4900000,15.404745967162468,3000,4,1000.0,1,3,1,2,1,0,1,0,1,0,0,1,0
208,4900000,15.404745967162468,2970,4,990.0,0,3,1,3,1,0,0,0,0,0,0,1,0
209,4900000,15.404745967162468,6720,4,2240.0,0,3,1,1,1,0,0,0,0,0,0,0,1
210,4900000,15.404745967162468,4646,4,1548.6666666666667,0,3,1,2,1,1,1,0,0,2,0,1,0
212,4893000,15.403316374644834,3420,6,855.0,1,4,2,2,1,0,1,0,1,2,0,1,0
213,4893000,15.403316374644834,4995,6,1248.75,0,4,2,1,1,0,1,0,0,0,0,1,0
214,4865000,15.397577479152067,4350,3,2175.0,0,2,1,1,1,0,1,0,0,0,0,0,1
215,4830000,15.390357232668071,4160,4,1386.6666666666667,0,3,1,3,1,0,0,0,0,0,0,0,1
216,4830000,15.390357232668071,6040,4,2013.3333333333333,1,3,1,1,1,0,0,0,0,2,1,1,0
217,4830000,15.390357232668071,6862,4,2287.3333333333335,2,3,1,2,1,0,0,0,1,2,1,0,0
218,4830000,15.390357232668071,4815,3,2407.5,2,2,1,1,1,0,0,0,1,0,1,1,0
219,4795000,15.383084474850227,7000,4,2333.3333333333335,0,3,1,2,1,0,1,0,0,0,0,0,1
220,4795000,15.383084474850227,8100,5,2025.0,1,4,1,4,1,0,1,0,1,2,0,1,0
221,4767000,15.377227943962481,3420,6,855.0,0,4,2,2,1,0,0,0,0,0,0,1,0
222,4760000,15.375758436291614,9166,3,4583.0,1,2,1,1,1,0,1,0,1,2,0,1,0
223,4760000,15.375758436291614,6321,4,2107.0,1,3,1,2,1,0,1,0,1,1,0,0,0
224,4760000,15.375758436291614,10240,3,5120.0,2,2,1,1,1,0,0,0,1,2,1,0,1
225,4753000,15.37428676598956,6440,3,3220.0,1,2,1,1,1,0,0,0,1,3,0,1,0
226,4690000,15.360943353642055,5170,4,1723.3333333333333,1,3,1,4,1,0,0,0,1,0,0,1,0
227,4690000,15.360943353642055,6000,3,3000.0,1,2,1,1,1,0,1,0,1,1,0,0,0
228,4690000,15.360943353642055,3630,4,1210.0,0,3,1,2,1,0,0,0,0,2,0,1,0
229,4690000,15.360943353642055,9667,6,2416.75,0,4,2,2,1,1,1,0,0,1,0,1,0
230,4690000,15.360943353642055,5400,3,2700.0,1,2,1,2,1,0,0,0,0,0,1,1,0
231,4690000,15.360943353642055,4320,4,1440.0,1,3,1,1,1,0,0,0,0,0,1,1,0
232,4655000,15.353452683516053,3745,4,1248.3333333333333,0,3,1,2,1,0,1,0,0,0,0,0,0
233,4620000,15.345905479508115,4160,4,1386.6666666666667,1,3,1,1,1,1,1,0,1,0,0,0,1
234,4620000,15.345905479508115,3880,5,1293.3333333333333,0,3,2,2,1,0,1,0,0,2,0,1,0
235,4620000,15.345905479508115,5680,4,1893.3333333333333,1,3,1,2,1,1,0,0,1,1,0,1,0
236,4620000,15.345905479508115,2870,3,1435.0,1,2,1,2,1,1,1,0,0,0,1,1,0
237,4620000,15.345905479508115,5010,4,1670.0,0,3,1,2,1,0,1,0,0,0,0,1,0
238,4613000,15.344389179318602,4510,6,1127.5,0,4,2,2,1,0,1,0,0,0,0,1,0
239,4585000,15.338300881775186,4000,4,1333.3333333333333,0,3,1,2,1,0,0,0,0,1,0,0,0
240,4585000,15.338300881775186,3840,4,1280.0,1,3,1,2,1,0,0,0,0,1,1,1,0
241,4550000,15.330638010707329,3760,4,1253.3333333333333,0,3,1,1,1,0,0,0,0,2,0,1,0
242,4550000,15.330638010707329,3640,4,1213.3333333333333,1,3,1,2,1,0,0,0,1,0,0,0,0
243,4550000,15.330638010707329,2550,4,850.0,0,3,1,2,1,0,1,0,0,0,0,0,0
244,4550000,15.330638010707329,5320,4,1773.3333333333333,1,3,1,2,1,1,1,0,0,0,1,1,0
245,4550000,15.330638010707329,5360,4,1786.6666666666667,1,3,1,2,1,0,0,0,0,2,1,0,1
246,4550000,15.330638010707329,3520,4,1173.3333333333333,1,3,1,1,1,0,0,0,0,0,1,1,0
247,4550000,15.330638010707329,8400,5,2100.0,0,4,1,4,1,0,0,0,0,3,0,0,1
248,4543000,15.32909836486038,4100,4,2050.0,0,2,2,1,1,1,1,0,0,0,0,1,0
249,4543000,15.32909836486038,4990,6,1247.5,1,4,2,2,1,1,1,0,0,0,1,0,0
250,4515000,15.32291596631714,3510,4,1170.0,0,3,1,3,1,0,0,0,0,0,0,1,0
251,4515000,15.32291596631714,3450,4,1150.0,0,3,1,2,1,0,1,0,0,1,0,1,0
252,4515000,15.32291596631714,9860,4,3286.6666666666665,0,3,1,1,1,0,0,0,0,0,0,1,0
253,4515000,15.32291596631714,3520,3,1760.0,1,2,1,2,1,0,0,0,0,0,1,0,0
254,4480000,15.315133827605429,4510,5,1127.5,1,4,1,2,1,0,0,0,1,2,0,1,0
255,4480000,15.315133827605429,5885,3,2942.5,1,2,1,1,1,0,0,0,1,1,0,0,1
256,4480000,15.315133827605429,4000,4,1333.3333333333333,0,3,1,2,1,0,0,0,0,2,0,0,0
257,4480000,15.315133827605429,8250,4,2750.0,0,3,1,1,1,0,0,0,0,0,0,0,0
258,4480000,15.315133827605429,4040,4,1346.6666666666667,0,3,1,2,1,0,0,0,0,1,0,1,0
259,4473000,15.313570105978563,6360,3,3180.0,1,2,1,1,1,0,1,0,1,1,0,0,0
260,4473000,15.313570105978563,3162,4,1054.0,1,3,1,2,1,0,0,0,1,1,0,0,0
261,4473000,15.313570105978563,3510,4,1170.0,0,3,1,2,1,0,0,0,0,0,0,1,0
262,4445000,15.307290651901996,3750,3,1875.0,0,2,1,1,1,1,1,0,0,0,0,1,0
263,4410000,15.299385474180372,3968,4,1322.6666666666667,0,3,1,2,0,0,0,0,0,0,0,1,0
264,4410000,15.299385474180372,4900,3,2450.0,0,2,1,2,1,0,1,0,0,0,0,1,0
265,4403000,15.29779691185574,2880,4,960.0,1,3,1,2,1,0,0,0,0,0,1,1,0
266,4403000,15.29779691185574,4880,4,1626.6666666666667,1,3,1,1,1,0,0,0,0,2,1,0,1
267,4403000,15.29779691185574,4920,4,1640.0,0,3,1,2,1,0,0,0,0,1,0,1,0
268,4382000,15.293016027343821,4950,5,1237.5,1,4,1,2,1,0,0,0,1,0,0,1,0
269,4375000,15.291417306345254,3900,4,1300.0,0,3,1,2,1,0,0,0,0,0,0,0,1
270,4340000,15.283385136491308,4500,5,1500.0,0,3,2,3,1,0,0,1,0,1,0,0,0
271,4340000,15.283385136491308,1905,6,381.0,0,5,1,2,0,0,1,0,0,0,0,1,0
272,4340000,15.283385136491308,4075,4,1358.3333333333333,0,3,1,1,1,1,1,0,0,2,0,1,0
273,4340000,15.283385136491308,3500,5,875.0,0,4,1,2,1,0,0,0,0,2,0,0,0
274,4340000,15.283385136491308,6450,5,1612.5,0,4,1,2,1,0,0,0,0,0,0,1,0
275,4319000,15.278534683477888,4032,3,2016.0,0,2,1,1,1,0,1,0,0,0,0,0,0
276,4305000,15.275287928131979,4400,3,2200.0,0,2,1,1,1,0,0,0,0,1,0,1,0
277,4305000,15.275287928131979,10360,3,5180.0,1,2,1,1,1,0,0,0,0,1,1,1,0
278,4277000,15.268762621017762,3400,4,1133.3333333333333,1,3,1,2,1,0,1,0,0,2,1,1,0
279,4270000,15.267124619396817,6360,3,3180.0,0,2,1,1,1,0,0,0,0,0,0,0,0
280,4270000,15.267124619396817,6360,3,3180.0,0,2,1,2,1,0,0,0,0,0,0,0,1
281,4270000,15.267124619396817,4500,3,2250.0,1,2,1,1,1,0,0,0,1,2,0,0,0
282,4270000,15.267124619396817,2175,4,725.0,1,3,1,2,0,1,1,0,1,0,0,0,1
283,4270000,15.267124619396817,4360,5,1090.0,0,4,1,2,1,0,0,0,0,0,0,0,0
284,4270000,15.267124619396817,7770,3,3885.0,0,2,1,1,1,0,0,0,0,1,0,0,0
285,4235000,15.258894122195773,6650,4,2216.6666666666665,0,3,1,2,1,1,0,0,0,0,0,1,0
286,4235000,15.258894122195773,2787,4,929.0,1,3,1,1,1,0,1,0,0,0,1,0,0
287,4200000,15.250595321348806,5500,4,1833.3333333333333,1,3,1,2,1,0,0,0,1,0,0,0,1
288,4200000,15.250595321348806,5040,4,1680.0,1,3,1,2,1,0,1,0,1,0,0,0,1
289,4200000,15.250595321348806,5850,3,2925.0,0,2,1,1,1,1,1,0,0,2,0,1,0
290,4200000,15.250595321348806,2610,7,652.5,0,4,3,2,0,0,0,0,0,0,0,1,0
291,4200000,15.250595321348806,2953,4,984.3333333333334,1,3,1,2,1,0,1,0,1,0,0,0,1
292,4200000,15.250595321348806,2747,6,686.75,0,4,2,2,0,0,0,0,0,0,0,1,0
293,4200000,15.250595321348806,4410,3,2205.0,0,2,1,1,0,0,0,0,0,1,0,0,1
294,4200000,15.250595321348806,4000,6,1000.0,0,4,2,2,0,0,0,0,0,0,0,1,0
295,4200000,15.250595321348806,2325,4,775.0,0,3,1,2,0,0,0,0,0,0,0,1,0
296,4200000,15.250595321348806,4600,5,1533.3333333333333,1,3,2,2,1,0,0,0,1,1,0,1,0
297,4200000,15.250595321348806,3640,5,1213.3333333333333,0,3,2,2,1,0,1,0,0,0,0,0,1
298,4200000,15.250595321348806,5800,4,1933.3333333333333,0,3,1,1,1,0,0,1,0,2,0,1,0
299,4200000,15.250595321348806,7000,4,2333.3333333333335,0,3,1,1,1,0,0,0,0,3,0,0,0
300,4200000,15.250595321348806,4079,4,1359.6666666666667,0,3,1,3,1,0,0,0,0,0,0,1,0
301,4200000,15.250595321348806,3520,4,1173.3333333333333,1,3,1,2,1,0,0,0,0,0,1,1,0
302,4200000,15.250595321348806,2145,4,715.0,1,3,1,3,1,0,0,0,0,1,1,0,1
303,4200000,15.250595321348806,4500,4,1500.0,0,3,1,1,1,0,1,0,0,0,0,0,0
304,4193000,15.248927264645598,8250,4,2750.0,0,3,1,1,1,0,1,0,0,3,0,1,0
305,4193000,15.248927264645598,3450,4,1150.0,0,3,1,2,1,0,0,0,0,1,0,1,0
306,4165000,15.24222707367909,4840,4,1613.3333333333333,0,3,1,2,1,0,0,0,0,1,0,1,0
307,4165000,15.24222707367909,4080,4,1360.0,0,3,1,2,1,0,0,0,0,2,0,1,0
308,4165000,15.24222707367909,4046,4,1348.6666666666667,0,3,1,2,1,0,1,0,0,1,0,1,0
309,4130000,15.233788207067937,4632,5,1158.0,1,4,1,2,1,0,0,0,1,0,0,1,0
310,4130000,15.233788207067937,5985,4,1995.0,0,3,1,1,1,0,1,0,0,0,0,1,0
311,4123000,15.232091854230847,6060,3,3030.0,0,2,1,1,1,0,1,0,0,1,0,1,0
312,4098500,15.226131855066896,3600,4,1200.0,2,3,1,1,1,0,1,0,1,0,1,0,0
313,4095000,15.225277519469522,3680,5,1226.6666666666667,0,3,2,2,1,0,0,0,0,0,0,1,0
314,4095000,15.225277519469522,4040,3,2020.0,0,2,1,2,1,0,0,0,0,1,0,1,0
315,4095000,15.225277519469522,5600,3,2800.0,1,2,1,1,1,0,0,0,1,0,0,1,0
316,4060000,15.216693777883304,5900,6,1475.0,0,4,2,2,0,0,1,0,0,1,0,0,1
317,4060000,15.216693777883304,4992,5,1664.0,0,3,2,2,1,0,0,0,0,2,0,0,1
318,4060000,15.216693777883304,4340,4,1446.6666666666667,0,3,1,1,1,0,0,0,0,0,0,1,0
319,4060000,15.216693777883304,3000,5,750.0,1,4,1,3,1,0,1,0,1,2,0,1,0
320,4060000,15.216693777883304,4320,4,1440.0,1,3,1,2,1,0,0,0,0,2,1,0,0
321,4025000,15.208035717281975,3630,5,1210.0,0,3,2,2,1,0,0,1,0,2,0,1,0
322,4025000,15.208035717281975,3460,5,1153.3333333333333,1,3,2,1,1,0,1,0,1,1,0,0,0
323,4025000,15.208035717281975,5400,4,1800.0,0,3,1,1,1,0,0,0,0,3,0,1,0
324,4007500,15.203678412997942,4500,4,1500.0,1,3,1,2,0,0,1,0,1,0,0,1,0
325,4007500,15.203678412997942,3460,5,865.0,1,4,1,2,1,0,0,0,1,0,0,1,0
326,3990000,15.199302039492581,4100,5,1025.0,0,4,1,1,0,0,1,0,0,0,0,0,1
327,3990000,15.199302039492581,6480,4,2160.0,1,3,1,2,0,0,0,0,1,1,0,1,0
328,3990000,15.199302039492581,4500,5,1500.0,1,3,2,2,0,0,1,0,1,0,0,1,0
329,3990000,15.199302039492581,3960,4,1320.0,0,3,1,2,1,0,0,0,0,0,0,0,0
330,3990000,15.199302039492581,4050,3,2025.0,1,2,1,2,1,1,1,0,0,0,1,0,1
331,3920000,15.181602466868654,7260,5,2420.0,0,3,2,1,1,1,1,0,0,3,0,0,0
332,3920000,15.181602466868654,5500,5,1375.0,0,4,1,2,1,1,1,0,0,0,0,1,0
333,3920000,15.181602466868654,3000,4,1000.0,0,3,1,2,1,0,0,0,0,0,0,1,0
334,3920000,15.181602466868654,3290,3,1645.0,0,2,1,1,1,0,0,1,0,1,0,0,0
335,3920000,15.181602466868654,3816,3,1908.0,1,2,1,1,1,0,1,0,1,2,0,0,0
336,3920000,15.181602466868654,8080,4,2693.3333333333335,1,3,1,1,1,0,0,0,1,2,0,1,0
337,3920000,15.181602466868654,2145,6,536.25,1,4,2,1,1,0,1,0,0,0,1,0,1
338,3885000,15.172633799184108,3780,3,1890.0,0,2,1,2,1,1,1,0,0,0,0,1,0
339,3885000,15.172633799184108,3180,6,795.0,0,4,2,2,1,0,0,0,0,0,0,0,0
340,3850000,15.163583966004193,5300,7,1060.0,0,5,2,2,1,0,0,0,0,0,0,1,0
341,3850000,15.163583966004193,3180,4,1590.0,0,2,2,1,1,0,1,0,0,2,0,1,0
342,3850000,15.163583966004193,7152,4,2384.0,1,3,1,2,1,0,0,0,1,0,0,0,0
343,3850000,15.163583966004193,4080,3,2040.0,0,2,1,1,1,0,0,0,0,0,0,1,0
344,3850000,15.163583966004193,3850,3,1925.0,0,2,1,1,1,0,0,0,0,0,0,1,0
345,3850000,15.163583966004193,2015,4,671.6666666666666,1,3,1,2,1,0,1,0,0,0,1,1,0
346,3850000,15.163583966004193,2176,3,1088.0,1,2,1,2,1,1,0,0,0,0,1,1,0
347,3836000,15.15994097567365,3350,4,1116.6666666666667,0,3,1,2,1,0,0,0,0,0,0,0,1
348,3815000,15.154451484823857,3150,4,1575.0,0,2,2,1,0,0,1,0,0,0,0,1,0
349,3780000,15.145234832146,4820,4,1606.6666666666667,0,3,1,2,1,0,0,0,0,0,0,1,0
350,3780000,15.145234832146,3420,3,1710.0,0,2,1,2,1,0,0,1,0,1,0,1,0
351,3780000,15.145234832146,3600,3,1800.0,0,2,1,1,1,0,0,0,0,0,0,1,0
352,3780000,15.145234832146,5830,3,2915.0,0,2,1,1,1,0,0,0,0,2,0,0,1
353,3780000,15.145234832146,2856,4,952.0,1,3,1,3,1,0,0,0,0,0,1,0,0
354,3780000,15.145234832146,8400,3,4200.0,0,2,1,1,1,0,0,0,0,1,0,0,0
355,3773000,15.143381263987493,8250,4,2750.0,0,3,1,1,1,0,0,0,0,2,0,0,0
356,3773000,15.143381263987493,2520,7,504.0,1,5,2,1,0,0,1,0,1,1,0,0,0
357,3773000,15.143381263987493,6930,5,1732.5,0,4,1,2,0,0,0,0,0,1,0,0,0
358,3745000,15.135932441956118,3480,3,1740.0,1,2,1,1,1,0,0,0,0,0,1,1,0
359,3710000,15.126542704125361,3600,4,1200.0,0,3,1,1,1,0,0,0,0,1,0,0,1
360,3710000,15.126542704125361,4040,3,2020.0,0,2,1,1,1,0,0,0,0,0,0,1,0
361,3710000,15.126542704125361,6020,4,2006.6666666666667,0,3,1,1,1,0,0,0,0,0,0,1,0
362,3710000,15.126542704125361,4050,3,2025.0,0,2,1,1,1,0,0,0,0,0,0,0,0
363,3710000,15.126542704125361,3584,3,1792.0,0,2,1,1,1,0,0,1,0,0,0,1,0
364,3703000,15.124654129947023,3120,4,1040.0,0,3,1,2,0,0,1,1,0,0,0,1,0
365,3703000,15.124654129947023,5450,3,2725.0,0,2,1,1,1,0,0,0,0,0,0,0,0
366,3675000,15.11706396273788,3630,3,1815.0,0,2,1,1,1,0,1,0,0,0,0,0,0
367,3675000,15.11706396273788,3630,3,1815.0,1,2,1,1,1,0,0,0,1,0,0,0,1
368,3675000,15.11706396273788,5640,3,2820.0,0,2,1,1,0,0,0,0,0,0,0,1,0
369,3675000,15.11706396273788,3600,3,1800.0,0,2,1,1,1,0,0,0,0,0,0,0,0
370,3640000,15.10749451433816,4280,3,2140.0,1,2,1,1,1,0,0,0,1,2,0,1,0
371,3640000,15.10749451433816,3570,4,1190.0,0,3,1,2,1,0,1,0,0,0,0,1,0
372,3640000,15.10749451433816,3180,4,1060.0,0,3,1,2,0,0,1,0,0,0,0,1,0
373,3640000,15.10749451433816,3000,3,1500.0,1,2,1,2,1,0,0,0,1,0,0,0,0
374,3640000,15.10749451433816,3520,4,1760.0,0,2,2,1,1,0,1,0,0,0,0,1,0
375,3640000,15.10749451433816,5960,4,1986.6666666666667,0,3,1,2,1,1,1,0,0,0,0,0,1
376,3640000,15.10749451433816,4130,5,1376.6666666666667,0,3,2,2,1,0,0,0,0,2,0,1,0
377,3640000,15.10749451433816,2850,5,950.0,1,3,2,2,0,0,1,0,0,0,1,0,1
378,3640000,15.10749451433816,2275,4,758.3333333333334,2,3,1,3,1,0,0,1,1,0,1,1,0
379,3633000,15.105569586457912,3520,4,1173.3333333333333,1,3,1,1,1,0,0,0,0,2,1,0,1
380,3605000,15.09783260609366,4500,3,2250.0,0,2,1,1,1,0,0,0,0,0,0,1,0
381,3605000,15.09783260609366,4000,3,2000.0,1,2,1,1,1,0,0,0,0,0,1,1,0
382,3570000,15.088076433867828,3150,4,1050.0,0,3,1,2,1,0,1,0,0,0,0,0,0
383,3570000,15.088076433867828,4500,6,1125.0,0,4,2,2,1,0,1,0,0,2,0,0,0
384,3570000,15.088076433867828,4500,3,2250.0,0,2,1,1,0,0,0,0,0,0,0,0,0
385,3570000,15.088076433867828,3640,3,1820.0,0,2,1,1,1,0,0,0,0,0,0,0,1
386,3535000,15.078224140198202,3850,4,1283.3333333333333,0,3,1,1,1,0,0,0,0,2,0,0,1
387,3500000,15.068273812173887,4240,4,1413.3333333333333,1,3,1,2,1,0,0,0,1,0,0,1,0
388,3500000,15.068273812173887,3650,4,1216.6666666666667,0,3,1,2,1,0,0,0,0,0,0,0,1
389,3500000,15.068273812173887,4600,5,1150.0,0,4,1,2,1,0,0,0,0,0,0,1,0
390,3500000,15.068273812173887,2135,5,711.6666666666666,0,3,2,2,0,0,0,0,0,0,0,0,1
391,3500000,15.068273812173887,3036,4,1012.0,0,3,1,2,1,0,1,0,0,0,0,1,0
392,3500000,15.068273812173887,3990,4,1330.0,0,3,1,2,1,0,0,0,0,0,0,1,0
393,3500000,15.068273812173887,7424,4,2474.6666666666665,0,3,1,1,0,0,0,0,0,0,0,0,1
394,3500000,15.068273812173887,3480,4,1160.0,1,3,1,1,0,0,0,0,1,0,0,0,1
395,3500000,15.068273812173887,3600,7,600.0,0,6,1,2,1,0,0,0,0,1,0,0,1
396,3500000,15.068273812173887,3640,3,1820.0,0,2,1,1,1,0,0,0,0,1,0,1,0
397,3500000,15.068273812173887,5900,3,2950.0,0,2,1,1,1,0,0,0,0,1,0,0,0
398,3500000,15.068273812173887,3120,4,1040.0,0,3,1,2,1,0,0,0,0,1,0,0,1
399,3500000,15.068273812173887,7350,3,3675.0,0,2,1,1,1,0,0,0,0,1,0,1,0
400,3500000,15.068273812173887,3512,3,1756.0,1,2,1,1,1,0,0,0,0,1,1,0,1
401,3500000,15.068273812173887,9500,4,3166.6666666666665,1,3,1,2,1,0,0,0,0,3,1,0,1
402,3500000,15.068273812173887,5880,3,2940.0,0,2,1,1,1,0,0,0,0,0,0,0,1
404,3493000,15.066271810075788,4900,4,1633.3333333333333,0,3,1,2,0,0,0,0,0,0,0,0,1
405,3465000,15.058223479206388,3060,4,1020.0,0,3,1,1,1,0,0,0,0,0,0,0,1
406,3465000,15.058223479206388,5320,3,2660.0,1,2,1,1,1,0,0,0,0,1,1,0,1
407,3465000,15.058223479206388,2145,4,715.0,1,3,1,3,1,0,0,0,0,0,1,0,0
408,3430000,15.04807111068727,4000,3,2000.0,0,2,1,1,1,0,0,0,0,0,0,0,1
409,3430000,15.04807111068727,3185,3,1592.5,0,2,1,1,1,0,0,0,0,2,0,0,1
410,3430000,15.04807111068727,3850,4,1283.3333333333333,0,3,1,1,1,0,0,0,0,0,0,0,1
411,3430000,15.04807111068727,2145,4,715.0,1,3,1,3,1,0,0,0,0,0,1,0,0
412,3430000,15.04807111068727,2610,4,870.0,1,3,1,2,1,0,1,0,0,0,1,0,1
413,3430000,15.04807111068727,1950,5,650.0,1,3,2,2,1,0,1,0,0,0,1,0,1
414,3423000,15.046028209653675,4040,3,2020.0,0,2,1,1,1,0,0,0,0,0,0,0,1
415,3395000,15.0378146135257,4785,4,1595.0,1,3,1,2,1,1,1,0,1,1,0,0,0
416,3395000,15.0378146135257,3450,4,1150.0,0,3,1,1,1,0,1,0,0,2,0,0,1
417,3395000,15.0378146135257,3640,3,1820.0,0,2,1,1,1,0,0,0,0,0,0,0,0
418,3360000,15.027451829558391,3500,5,875.0,1,4,1,2,1,0,0,0,1,2,0,0,1
419,3360000,15.027451829558391,4960,5,1240.0,0,4,1,3,0,0,0,0,0,0,0,1,0
420,3360000,15.027451829558391,4120,3,2060.0,0,2,1,2,1,0,0,0,0,0,0,0,1
421,3360000,15.027451829558391,4750,3,2375.0,0,2,1,1,1,0,0,0,0,0,0,0,1
422,3360000,15.027451829558391,3720,3,1860.0,1,2,1,1,0,0,0,0,1,0,0,0,1
423,3360000,15.027451829558391,3750,4,1250.0,0,3,1,1,1,0,0,0,0,0,0,0,1
424,3360000,15.027451829558391,3100,4,1033.3333333333333,0,3,1,2,0,0,1,0,0,0,0,1,0
425,3360000,15.027451829558391,3185,3,1592.5,0,2,1,1,1,0,1,0,0,2,0,0,0
426,3353000,15.025366323688703,2700,4,900.0,0,3,1,1,0,0,0,0,0,0,0,0,0
427,3332000,15.019083582388873,2145,4,715.0,1,3,1,2,1,0,1,0,0,0,1,0,0
428,3325000,15.016980532823926,4040,3,2020.0,0,2,1,1,1,0,0,0,0,1,0,0,1
429,3325000,15.016980532823926,4775,5,1193.75,0,4,1,2,1,0,0,0,0,0,0,0,1
430,3290000,15.006398426692876,2500,3,1250.0,1,2,1,1,0,0,0,0,1,0,0,0,1
431,3290000,15.006398426692876,3180,5,795.0,1,4,1,2,1,0,1,0,1,0,0,0,1
432,3290000,15.006398426692876,6060,4,2020.0,0,3,1,1,1,1,1,0,0,0,0,0,0
433,3290000,15.006398426692876,3480,5,870.0,0,4,1,2,0,0,0,0,0,1,0,1,0
434,3290000,15.006398426692876,3792,5,948.0,0,4,1,2,1,0,0,0,0,0,0,1,0
435,3290000,15.006398426692876,4040,3,2020.0,0,2,1,1,1,0,0,0,0,0,0,0,1
436,3290000,15.006398426692876,2145,4,715.0,1,3,1,2,1,0,1,0,0,0,1,0,0
437,3290000,15.006398426692876,5880,4,1960.0,0,3,1,1,1,0,0,0,0,1,0,0,1
438,3255000,14.995703140844421,4500,3,2250.0,0,2,1,1,0,0,0,0,0,0,0,1,0
439,3255000,14.995703140844421,3930,3,1965.0,0,2,1,1,0,0,0,0,0,0,0,0,1
440,3234000,14.989230628333736,3640,5,910.0,0,4,1,2,1,0,1,0,0,0,0,0,1
441,3220000,14.984892228079548,4370,4,1456.6666666666667,0,3,1,2,1,0,0,0,0,0,0,0,1
442,3220000,14.984892228079548,2684,3,1342.0,1,2,1,1,1,0,0,0,1,1,0,0,1
443,3220000,14.984892228079548,4320,4,1440.0,0,3,1,1,0,0,0,0,0,1,0,0,1
444,3220000,14.984892228079548,3120,4,1040.0,0,3,1,2,0,0,0,0,0,0,0,0,0
445,3150000,14.962913328262083,3450,2,3450.0,0,1,1,1,1,0,0,0,0,0,0,0,0
446,3150000,14.962913328262083,3986,4,1993.0,0,2,2,1,0,1,1,0,0,1,0,0,1
447,3150000,14.962913328262083,3500,3,1750.0,0,2,1,1,0,0,1,0,0,0,0,1,0
448,3150000,14.962913328262083,4095,3,2047.5,0,2,1,1,1,0,0,0,0,2,0,1,0
449,3150000,14.962913328262083,1650,4,550.0,0,3,1,2,0,0,1,0,0,0,0,0,1
450,3150000,14.962913328262083,3450,4,1150.0,0,3,1,2,1,0,1,0,0,0,0,1,0
451,3150000,14.962913328262083,6750,3,3375.0,0,2,1,1,1,0,0,0,0,0,0,1,0
452,3150000,14.962913328262083,9000,4,3000.0,0,3,1,2,1,0,0,0,0,2,0,1,0
453,3150000,14.962913328262083,3069,3,1534.5,0,2,1,1,1,0,0,0,0,1,0,0,1
454,3143000,14.96068863394701,4500,4,1500.0,1,3,1,2,1,0,0,0,1,0,0,0,1
455,3129000,14.956224342241892,5495,4,1831.6666666666667,0,3,1,1,1,0,1,0,0,0,0,0,1
456,3118850,14.95297522272713,2398,4,799.3333333333334,1,3,1,1,1,0,0,0,0,0,1,1,0
457,3115000,14.951740031230926,3000,4,1000.0,1,3,1,1,0,0,0,0,1,0,0,0,1
458,3115000,14.951740031230926,3850,4,1283.3333333333333,0,3,1,2,1,0,0,0,0,0,0,0,1
459,3115000,14.951740031230926,3500,3,1750.0,0,2,1,1,1,0,0,0,0,0,0,0,1
460,3087000,14.942710627423343,8100,3,4050.0,0,2,1,1,1,0,0,0,0,1,0,0,1
461,3080000,14.940440479625028,4960,3,2480.0,1,2,1,1,1,0,1,0,1,0,0,0,1
462,3080000,14.940440479625028,2160,4,720.0,0,3,1,2,0,0,1,0,0,0,0,1,0
463,3080000,14.940440479625028,3090,3,1545.0,0,2,1,1,1,1,1,0,0,0,0,0,1
464,3080000,14.940440479625028,4500,3,2250.0,0,2,1,2,1,0,0,1,0,1,0,1,0
465,3045000,14.929011787533305,3800,3,1900.0,0,2,1,1,1,0,0,0,0,0,0,0,1
466,3010000,14.917450968950916,3090,4,1030.0,0,3,1,2,0,0,0,0,0,0,0,1,0
467,3010000,14.917450968950916,3240,4,1080.0,0,3,1,2,1,0,0,0,0,2,0,1,0
468,3010000,14.917450968950916,2835,3,1417.5,0,2,1,1,1,0,0,0,0,0,0,1,0
469,3010000,14.917450968950916,4600,3,2300.0,0,2,1,1,1,0,0,0,0,0,0,0,0
470,3010000,14.917450968950916,5076,4,1692.0,0,3,1,1,0,0,0,0,0,0,0,0,1
471,3010000,14.917450968950916,3750,4,1250.0,0,3,1,2,1,0,0,0,0,0,0,0,1
472,3010000,14.917450968950916,3630,5,907.5,0,4,1,2,1,0,0,0,0,3,0,1,0
473,3003000,14.915122679965744,8050,3,4025.0,0,2,1,1,1,0,0,0,0,0,0,0,1
474,2975000,14.905754933096265,4352,5,1088.0,0,4,1,2,0,0,0,0,0,1,0,0,1
475,2961000,14.901037944807413,3000,3,1500.0,0,2,1,2,1,0,0,0,0,0,0,1,0
476,2940000,14.89392047945086,5850,4,1950.0,0,3,1,2,1,0,1,0,0,1,0,0,1
477,2940000,14.89392047945086,4960,3,2480.0,0,2,1,1,1,0,0,0,0,0,0,0,1
478,2940000,14.89392047945086,3600,4,1200.0,0,3,1,2,0,0,0,0,0,1,0,0,1
479,2940000,14.89392047945086,3660,5,915.0,0,4,1,2,0,0,0,0,0,0,0,0,1
480,2940000,14.89392047945086,3480,4,1160.0,0,3,1,2,0,0,0,0,0,1,0,1,0
481,2940000,14.89392047945086,2700,3,1350.0,0,2,1,1,0,0,0,0,0,0,0,0,0
482,2940000,14.89392047945086,3150,4,1050.0,0,3,1,2,0,0,0,0,0,0,0,0,1
483,2940000,14.89392047945086,6615,4,2205.0,0,3,1,2,1,0,0,0,0,0,0,1,0
484,2870000,14.869822936167798,3040,3,1520.0,0,2,1,1,0,0,0,0,0,0,0,0,1
485,2870000,14.869822936167798,3630,3,1815.0,0,2,1,1,1,0,0,0,0,0,0,0,1
486,2870000,14.869822936167798,6000,3,3000.0,0,2,1,1,1,0,0,0,0,0,0,1,0
487,2870000,14.869822936167798,5400,5,1350.0,0,4,1,2,1,0,0,0,0,0,0,0,1
488,2852500,14.863706711287982,5200,5,1300.0,0,4,1,3,1,0,0,0,0,0,0,0,1
489,2835000,14.857552847877614,3300,4,1100.0,0,3,1,2,0,0,0,0,0,1,0,1,0
490,2835000,14.857552847877614,4350,4,1450.0,0,3,1,2,0,0,0,1,0,1,0,0,1
491,2835000,14.857552847877614,2640,3,1320.0,0,2,1,1,0,0,0,0,0,1,0,0,0
492,2800000,14.845130332288226,2650,4,883.3333333333334,0,3,1,2,1,0,1,0,0,1,0,0,1
493,2800000,14.845130332288226,3960,4,1320.0,0,3,1,1,1,0,0,0,0,0,0,0,0
494,2730000,14.819812533461441,6800,3,3400.0,0,2,1,1,1,0,0,0,0,0,0,0,1
495,2730000,14.819812533461441,4000,4,1333.3333333333333,0,3,1,2,1,0,0,0,0,1,0,0,1
496,2695000,14.80690913338268,4000,3,2000.0,0,2,1,1,1,0,0,0,0,0,0,0,1
497,2660000,14.793837056697662,3934,3,1967.0,0,2,1,1,1,0,0,0,0,0,0,0,1
498,2660000,14.793837056697662,2000,3,1000.0,0,2,1,2,1,0,0,0,0,0,0,1,0
499,2660000,14.793837056697662,3630,6,1210.0,0,3,3,2,0,1,0,0,0,0,0,0,1
500,2660000,14.793837056697662,2800,4,933.3333333333334,0,3,1,1,1,0,0,0,0,0,0,0,1
501,2660000,14.793837056697662,2430,4,810.0,0,3,1,1,0,0,0,0,0,0,0,0,1
502,2660000,14.793837056697662,3480,3,1740.0,0,2,1,1,1,0,0,0,0,1,0,1,0
503,2660000,14.793837056697662,4000,4,1333.3333333333333,0,3,1,1,1,0,0,0,0,0,0,1,0
504,2653000,14.791202010051581,3185,3,1592.5,1,2,1,1,1,0,0,0,1,0,0,0,1
505,2653000,14.791202010051581,4000,4,1333.3333333333333,1,3,1,2,1,0,0,0,1,0,0,0,1
506,2604000,14.7725596663351,2910,3,1455.0,0,2,1,1,0,0,0,0,0,0,0,0,1
507,2590000,14.767168819776032,3600,3,1800.0,0,2,1,1,1,0,0,0,0,0,0,0,1
508,2590000,14.767168819776032,4400,3,2200.0,0,2,1,1,1,0,0,0,0,0,0,0,1
509,2590000,14.767168819776032,3600,4,1800.0,0,2,2,2,1,0,1,0,0,1,0,0,0
510,2520000,14.739769856312924,2880,4,960.0,0,3,1,1,0,0,0,0,0,0,0,0,1
511,2520000,14.739769856312924,3180,4,1060.0,0,3,1,1,0,0,0,0,0,0,0,0,1
512,2520000,14.739769856312924,3000,3,1500.0,0,2,1,2,1,0,0,0,0,0,0,0,0
513,2485000,14.725783619927272,4400,4,1466.6666666666667,0,3,1,2,1,0,0,0,0,0,0,0,1
514,2485000,14.725783619927272,3000,4,1000.0,0,3,1,2,0,0,0,0,0,0,0,1,0
515,2450000,14.711598990684092,3210,4,1070.0,0,3,1,2,1,0,1,0,0,0,0,0,1
516,2450000,14.711598990684092,3240,3,1620.0,0,2,1,1,0,1,0,0,0,1,0,0,1
517,2450000,14.711598990684092,3000,3,1500.0,0,2,1,1,1,0,0,0,0,1,0,0,1
518,2450000,14.711598990684092,3500,3,1750.0,0,2,1,1,1,1,0,0,0,0,0,0,1
519,2450000,14.711598990684092,4840,3,2420.0,0,2,1,2,1,0,0,0,0,0,0,0,1
520,2450000,14.711598990684092,7700,3,3850.0,0,2,1,1,1,0,0,0,0,0,0,0,1
521,2408000,14.694307500693155,3635,3,1817.5,0,2,1,1,0,0,0,0,0,0,0,0,1
522,2380000,14.682611465815636,2475,4,825.0,0,3,1,2,1,0,0,0,0,0,0,0,0
523,2380000,14.682611465815636,2787,6,696.75,0,4,2,2,1,0,0,0,0,0,0,0,0
524,2380000,14.682611465815636,3264,3,1632.0,0,2,1,1,1,0,0,0,0,0,0,0,1
525,2345000,14.667796386301658,3640,3,1820.0,0,2,1,1,1,0,0,0,0,0,0,0,1
526,2310000,14.652758515398315,3180,3,1590.0,0,2,1,1,1,0,0,0,0,0,0,0,1
527,2275000,14.637491049927531,1836,3,918.0,0,2,1,1,0,0,1,0,0,0,0,1,0
528,2275000,14.637491049927531,3970,2,3970.0,0,1,1,1,0,0,0,0,0,0,0,0,1
529,2275000,14.637491049927531,3970,4,1323.3333333333333,0,3,1,2,1,0,1,0,0,0,0,0,1
530,2240000,14.621986870259695,1950,4,650.0,0,3,1,1,0,0,0,1,0,0,0,0,1
531,2233000,14.618856978650228,5300,4,1766.6666666666667,2,3,1,1,0,0,0,0,1,0,1,0,1
532,2135000,14.573977673028827,3000,3,1500.0,0,2,1,1,0,0,0,0,0,0,0,0,1
533,2100000,14.557448378884015,2400,4,800.0,0,3,1,2,1,0,0,0,0,0,0,0,1
534,2100000,14.557448378884015,3000,5,750.0,0,4,1,2,1,0,0,0,0,0,0,0,1
535,2100000,14.557448378884015,3360,3,1680.0,0,2,1,1,1,0,0,0,0,1,0,0,1
536,1960000,14.488455541410652,3420,6,684.0,0,5,1,2,0,0,0,0,0,0,0,0,1
537,1890000,14.452087916136215,1700,4,566.6666666666666,0,3,1,2,1,0,0,0,0,0,0,0,1
538,1890000,14.452087916136215,3649,3,1824.5,0,2,1,1,1,0,0,0,0,0,0,0,1
539,1855000,14.433395793107085,2990,3,1495.0,0,2,1,1,0,0,0,0,0,1,0,0,1
540,1820000,14.414347608503377,3000,3,1500.0,0,2,1,1,1,0,1,0,0,2,0,0,1
541,1767150,14.384879203225134,2400,4,800.0,0,3,1,1,0,0,0,0,0,0,0,1,0
542,1750000,14.375126917328105,3620,3,1810.0,0,2,1,1,1,0,0,0,0,0,0,0,1
543,1750000,14.375126917328105,2910,4,970.0,0,3,1,1,0,0,0,0,0,0,0,0,0
544,1750000,14.375126917328105,3850,4,1283.3333333333333,0,3,1,2,1,0,0,0,0,0,0,0,1
